{
    "image_width": 640,
    "image_height": 480,
    "intrinsics": {
        "camera_matrix": [
            [
                686.6062080003255,
                0.0,
                362.64380076166606
            ],
            [
                0.0,
                689.1133336713884,
                282.47123624451945
            ],
            [
                0.0,
                0.0,
                1.0
            ]
        ],
        "fx": 686.6062080003255,
        "fy": 689.1133336713884,
        "cx": 362.64380076166606,
        "cy": 282.47123624451945
    },
    "distortion": {
        "coefficients": [
            -0.5205047440160424,
            0.4778695152631404,
            -0.004384002656582546,
            -0.0011253621714494896,
            -0.49617418094688637
        ],
        "model": "opencv_pinhole"
    }
}